{"cameraMode":{"drawMode":0,"name":"Shaded","section":"Shading Mode"},"sceneLighting":true,"audioPlay":false,"sceneViewState":{"showFog":true,"showMaterialUpdate":false,"showSkybox":true,"showFlares":true,"showImageEffects":true,"showParticleSystems":true},"in2DMode":false,"pivot":{"x":-11.09000015258789,"y":-8.353099822998047,"z":-9.610000610351563},"rotation":{"x":0.18979765474796296,"y":0.3279484212398529,"z":-0.06743856519460678,"w":0.9229727983474731},"size":60.01556396484375,"orthographic":true}