{"cameraMode":{"drawMode":0,"name":"Shaded","section":"Shading Mode"},"sceneLighting":false,"audioPlay":false,"sceneViewState":{"showFog":true,"showMaterialUpdate":false,"showSkybox":true,"showFlares":true,"showImageEffects":true,"showParticleSystems":true},"in2DMode":false,"pivot":{"x":-9.300000190734864,"y":1.25,"z":-4.940000057220459},"rotation":{"x":0.27373069524765017,"y":0.3701818585395813,"z":-0.11511982977390289,"w":0.8802183866500855},"size":3.401561975479126,"orthographic":true}